1,Abilene Christian University,Abilene Christian,Abilene,Wildcats,Southland,abichr2,United States Air Force Academy,Air Force,AirForce,Falcons,Mountain West,af3,University of Akron,Akron,Akron,Zips,MAC,akron4,University of Alabama,Alabama,Alabama,Crimson Tide,SEC,ala5,Alabama Agricultural and Mechanical University,Alabama A & M,AlabamaAM,Bulldogs,SWAC,alaa&m6,Alabama State University,Alabama State,AlabamaSt,Hornets,SWAC,alst7,"University at Albany, SUNY",Albany,Albany,Great Danes,America East,albany8,Alcorn State University,Alcorn State,AlcornSt,Braves,SWAC,alc9,American University,American,American,Eagles,Patriot League,amer10,Appalachian State University,Appalachian State,AppalachianSt,Mountaineers,Sun Belt,app11,University of Arizona,Arizona,Arizona,Wildcats,Pac-12,ari12,Arizona State University,Arizona State,ArizonaSt,Sun Devils,Pac-12,arist13,University of Arkansas,Arkansas,Arkansas,Razorbacks,SEC,ark14,University of Arkansas at Little Rock,Arkansas Little Rock,ARLittleRock,Trojans,Sun Belt,ark-lr15,University of Arkansas at Pine Bluff,Arkansas-Pine Bluff,ARPineBluff,Golden Lions,SWAC,ark-pb16,Arkansas State University,Arkansas State,ArkansasSt,Red Wolves,Sun Belt,arkst17,United States Military Academy,Army,Army,Black Knights,Patriot League,army18,Auburn University,Auburn,Auburn,Tigers,SEC,auburn19,Austin Peay State University,Austin Peay,AustinPeay,Governors,Ohio Valley,apsu20,Ball State University,Ball State,BallSt,Cardinals,MAC,ballst21,Baylor University,Baylor,Baylor,Bears,Big 12,baylor22,Boston College,BC,BostonColl,Eagles,ACC,bc23,Belmont University,Belmont,Belmont,Bruins,Ohio Valley,belmnt24,Bethune-Cookman University,Bethune Cookman,BethuneCookman,Wildcats,MEAC,b-c25,Binghamton University,Binghamton,Binghamton,Bearcats,America East,bing26,Boise State University,Boise State,BoiseSt,Broncos,Mountain West,boise27,Boston University,BU,BostonU,Terriers,Patriot League,bu28,Bowling Green State University,Bowling Green,BowlingGreen,Falcons,MAC,bgsu29,Bradley University,Bradley,Bradley,Braves,Missouri Valley,brad30,Brown University,Brown,Brown,Bears,Ivy League,brown31,Bryant University,Bryant,Bryant,Bulldogs,Northeast,bryant32,Bucknell University,Bucknell,Bucknell,Bison,Patriot League,buck33,University at Buffalo,Buffalo,Buffalo,Bulls,MAC,buff34,Butler University,Butler,Butler,Bulldogs,Big East,butler35,Brigham Young University,BYU,BrighamYoung,Cougars,West Coast,byu36,"University of California, Berkeley",California,Cal,Golden Bears,Pac-12,cal37,California Polytechnic State University,Cal Poly,CalPoly,Mustangs,Big West,calply38,"California State University, Bakersfield",Cal State Bakersfield,CSUBakersfield,Roadrunners,WAC,cs-bk39,"California State University, Fullerton",Cal State Fullerton,CSUFullerton,Titans,Big West,csf40,"California State University, Northridge",Cal State Northridge,CSUNorthridge,Matadors,Big West,cs-nr41,"California State University, Sacramento",Sacramento State,SacramentoSt,Hornets,Big Sky,sac42,Campbell University,Campbell,Campbell,Fighting Camels,Big South,camp43,Canisius College,Canisius,Canisius,Golden Griffins,MAAC,can44,University of Central Arkansas,,CentralArkansas,Bears,Southland,cenark45,Central Connecticut State University,Central Connecticut State,CentralConnSt,Blue Devils,Northeast,centct46,University of Central Florida,UCF,UCF,Knights,The American,ucf47,Central Michigan University,Central Michigan,CentralMichigan,Chippewas,MAC,centmi48,College of Charleston,,Charleston,Cougars,CAA,chrstn49,Charleston Southern University,Charleston Southern,CharlestonSouth,Buccaneers,Big South,chsou50,University of Tennessee at Chattanooga,Chattanooga,Chattanooga,Spartans,Southern,chat51,Chicago State University,Chicago State,ChicagoSt,Cougars,WAC,chist52,University of Cincinnati,Cincinnati,Cincinnati,Bearcats,The American,cin53,The Citadel,,Citadel,Bulldogs,Southern,cit54,Clemson University,Clemson,Clemson,Tigers,ACC,clem55,Cleveland State University,Cleveland State,ClevelandSt,Vikings,Horizon League,clest56,Coastal Carolina University,Coastal Carolina,CoastalCarolina,Chanticleers,Big South,coastc57,Colgate University,Colgate,Colgate,Raiders,Patriot League,colg58,University of Colorado,Colorado,Colorado,Buffaloes,Pac-12,colo59,Colorado State University,Colorado State,ColoradoSt,Rams,Mountain West,colost60,Columbia University,Columbia,Columbia,Lions,Ivy League,colum61,University of Connecticut,UConn,Connecticut,Huskies,The American,uconn62,Coppin State University,Coppin State,CoppinSt,Eagles,MEAC,coppin63,Cornell University,Cornell,Cornell,Big Red,Ivy League,cor64,Creighton University,Creighton,Creighton,Bluejays,Big East,cre65,Dartmouth College,Dartmouth,Dartmouth,Big Green,Ivy League,dart66,Davidson College,Davidson,Davidson,Wildcats,A-10,dav67,University of Dayton,Dayton,Dayton,Flyers,A-10,dayton68,University of Delaware,Delaware,Delaware,Fightin' Blue Hens,CAA,del69,Delaware State University,Delaware State,DelawareSt,Hornets,MEAC,delst70,University of Denver,Denver,Denver,Pioneers,The Summit,denver71,DePaul University,DePaul,DePaul,Blue Demons,Big East,depaul72,University of Detroit Mercy,Detroit,Detroit,Titans,Horizon League,det73,Drake University,Drake,Drake,Bulldogs,Missouri Valley,drake74,Drexel University,Drexel,Drexel,Dragons,CAA,drexel75,Duke University,Duke,Duke,Blue Devils,ACC,duke76,Duquesne University,Duquesne,Duquesne,Dukes,A-10,duq77,East Carolina University,ECU,EastCarolina,Pirates,The American,ecu78,East Tennessee State University,ETSU,EasternTennSt,Buccaneers,Southern,easttn79,Eastern Illinois University,Eastern Illinois,EasternIllinois,Panthers,Ohio Valley,eastil80,Eastern Kentucky University,Eastern Kentucky,EasternKentucky,Colonels,Ohio Valley,eastky81,Eastern Michigan University,Eastern Michigan,EasternMichigan,Eagles,MAC,eastmi82,Eastern Washington University,Eastern Washington,EasternWash,Eagles,Big Sky,eastwa83,Elon University,Elon,Elon,Phoenix,CAA,elon84,University of Evansville,Evansville,Evansville,Purple Aces,Missouri Valley,evan85,Fairfield University,Fairfield,Fairfield,Stags,MAAC,fair86,Fairleigh Dickinson University,Fairleigh Dickinson,FairDickinson,Knights,Northeast,fdu87,University of Florida,Florida,Florida,Gators,SEC,fla88,Florida Agricultural and Mechanical University,Florida A & M,FloridaAM,Rattlers,MEAC,flaa&m89,Florida Atlantic University,Florida Atlantic,FloridaAtlantic,Owls,Conference USA,flaatl90,Florida Gulf Coast University,Florida Gulf Coast,FloridaGulfCoast,Eagles,Atlantic Sun,flagc91,Florida International University,FIU,FloridaIntl,Panthers,Conference USA,fiu92,Florida State University,Florida State,FloridaSt,Seminoles,ACC,flast93,Fordham University,Fordham,Fordham,Rams,A-10,ford94,"California State University, Fresno",Fresno State,FresnoSt,Bulldogs,Mountain West,fres95,Furman University,Furman,Furman,Paladins,Southern,furman96,Gardner-Webb University,Gardner-Webb,Gardner,Runnin' Bulldogs,Big South,g-webb97,George Mason University,George Mason,GeorgeMason,Patriots,A-10,gmason98,George Washington University,GW,GeorgeWashington,Colonials,A-10,gw99,Georgetown University,Georgetown,Georgetown,Hoyas,Big East,gtown100,University of Georgia,Georgia,Georgia,Bulldogs,SEC,uga101,Georgia Southern University,Georgia Southern,GeorgiaSouthern,Eagles,Sun Belt,gaso102,Georgia State University,Georgia State,GeorgiaSt,Panthers,Sun Belt,gast103,Georgia Institute of Technology,Georgia Tech,GeorgiaTech,Yellow Jackets,ACC,gatech104,Gonzaga University,Gonzaga,Gonzaga,Bulldogs,West Coast,gonz105,Grambling State University,Grambling State,GramblingSt,Tigers,SWAC,gram106,Grand Canyon University,Grand Canyon,GrandCanyon,Antelopes,WAC,gracan107,University of Wisconsin-Green Bay,Green Bay,GreenBay,Phoenix,Horizon League,gb108,Hampton University,Hampton,Hampton,Pirates,MEAC,hamp109,University of Hartford,Hartford,Hartford,Hawks,America East,hart110,Harvard University,Harvard,Harvard,Crimson,Ivy League,harv111,University of Hawaii at Manoa,Hawaii,Hawaii,Rainbow Warriors,Big West,hawaii112,High Point University,High Point,HighPoint,Panthers,Big South,highpt113,Hofstra University,Hofstra,Hofstra,Pride,CAA,hof114,College of the Holy Cross,Holy Cross,HolyCross,Crusaders,Patriot League,holycr115,Houston Baptist University,Houston Baptist,HoustonBaptist,Huskies,Southland,houbap116,Howard University,Howard,Howard,Pirates,MEAC,howard117,University of Idaho,Idaho,Idaho,Vandals,Big Sky,idaho118,Idaho State University,Idaho State,IdahoSt,Bengals,Big Sky,idast119,University of Illinois at Urbana-Champaign,Illinois,Illinois,Fighting Illini,Big Ten,ill120,Illinois State University,Illinois State,IllinoisSt,Redbirds,Missouri Valley,illst121,Indiana State University,Indiana State,IndianaSt,Sycamores,Missouri Valley,inst122,Indiana University Bloomington,Indiana,Indiana,Hoosiers,Big Ten,ind123,Iona College,Iona,Iona,Gaels,MAAC,iona124,University of Iowa,Iowa,Iowa,Hawkeyes,Big Ten,iowa125,Iowa State University,Iowa State,IowaSt,Cyclones,Big 12,iast126,Indiana University - Purdue University Fort Wayne,IPFW,IPFW,Mastodons,The Summit,ipfw127,Indiana University - Purdue University Indianapolis,IUPUI,IUPUI,Jaguars,The Summit,iupui128,Jackson State University,Jackson State,JacksonSt,Tigers,SWAC,jkst129,Jacksonville State University,Jacksonville State,JacksonvilleSt,Gamecocks,Ohio Valley,jacst130,Jacksonville University,Jacksonville,Jacksonville,Dolphins,Atlantic Sun,jac131,James Madison University,James Madison,JamesMadison,Dukes,CAA,jmu132,University of Kansas,Kansas,Kansas,Jayhawks,Big 12,kansas133,Kansas State University,Kansas State,KansasSt,Wildcats,Big 12,kanst134,Kennesaw State University,Kennesaw State,Kennesaw,Owls,Atlantic Sun,ksawst135,Kent State University,Kent State,KentSt,Golden Flashes,MAC,kentst136,University of Kentucky,Kentucky,Kentucky,Wildcats,SEC,kty137,La Salle University,La Salle,Lasalle,Explorers,A-10,lasal138,Lafayette College,Lafayette,Lafayette,Leopards,Patriot League,laf139,Lamar University,Lamar,Lamar,Cardinals,Southland,lamar140,Lehigh University,Lehigh,Lehigh,Mountain Hawks,Patriot League,lehigh141,Liberty University,Liberty,Liberty,Flames,Big South,lib142,Lipscomb University,Lipscomb,Lipscomb,Bisons,Atlantic Sun,lips143,"California State University, Long Beach",Long Beach State,LongBeachSt,49ers,Big West,lgbch144,Long Island University (Brooklyn Campus),LIU-Brooklyn,LongIslandU,Blackbirds,Northeast,liu145,Longwood University,Longwood,Longwood,Lancers,Big South,lngwd146,University of Louisiana at Lafayette,Louisiana Lafayette,LALafayette,Ragin' Cajuns,Sun Belt,louis147,University of Louisiana at Monroe,Louisiana Monroe,LAMonroe,Warhawks,Sun Belt,ul-mon148,Louisiana Tech University,Louisiana Tech,LouisianaTech,Bulldogs,Conference USA,latech149,University of Louisville,Louisville,Louisville,Cardinals,ACC,lou150,Loyola Marymount University,Loyola Marymount,LoyolaMarymount,Lions,West Coast,lymnt151,Loyola University Chicago,Loyola Chicago,LoyolaChicago,Ramblers,Missouri Valley,ly-il152,Loyola University Maryland,Loyola-MD,LoyolaMD,Greyhounds,Patriot League,ly-md153,Louisiana State University,LSU,LSU,Tigers,SEC,lsu154,University of Maine,Maine,Maine,Black Bears,America East,maine155,Manhattan College,Manhattan,Manhattan,Jaspers,MAAC,manhat156,Marist College,Marist,Marist,Red Foxes,MAAC,marist157,Marquette University,Marquette,Marquette,Golden Eagles,Big East,marq158,Marshall University,Marshall,Marshall,Thundering Herd,Conference USA,marsh159,"University of Maryland, College Park",Maryland,Maryland,Terrapins,Big Ten,md160,University of Massachusetts Amherst,UMass,Massachusetts,Minutemen,A-10,umass161,McNeese State University,McNeese State,McNeeseSt,Cowboys,Southland,mcne162,Mercer University,Mercer,Mercer,Bears,Southern,mercer163,University of Miami (Florida),Miami (FL),Miami,Hurricanes,ACC,mia-fl164,Miami University (Ohio),Miami (OH),MiamiOH,RedHawks,MAC,mia-o165,University of Michigan,Michigan,Michigan,Wolverines,Big Ten,mich166,Michigan State University,Michigan State,MichiganSt,Spartans,Big Ten,msu167,Middle Tennessee State University,MT,MiddleTennessee,Blue Raiders,Conference USA,middtn168,University of Wisconsin-Milwaukee,Milwaukee,WisMilwaukee,Panthers,Horizon League,uw-mil169,University of Minnesota,Minnesota,Minnesota,Golden Gophers,Big Ten,minn170,University of Mississippi,Ole Miss,Mississippi,Rebels,SEC,miss171,Mississippi State University,Mississippi State,MississippiSt,Bulldogs,SEC,missst172,Mississippi Valley State University,Mississippi Valley State,MissValleySt,Delta Devils,SWAC,msvl173,University of Missouri,Missouri,Missouri,Tigers,SEC,missou174,Missouri State University,Missouri State,MissouriSt,Bears,Missouri Valley,mostu175,Monmouth University,Monmouth,Monmouth,Hawks,MAAC,monm176,Montana State University,Montana State,MontanaSt,Bobcats,Big Sky,montst177,Morehead State University,Morehead State,MoreheadSt,Eagles,Ohio Valley,mor178,Morgan State University,Morgan State,MorganSt,Bears,MEAC,morgan179,Mount St. Mary's University,Mt. St. Mary's,MountStMarys,Mountaineers,Northeast,msm180,Murray State University,Murray State,MurraySt,Racers,Ohio Valley,murray181,United States Naval Academy,Navy,Navy,Midshipmen,Patriot League,navy182,North Carolina State University,NC State,NorthCarolinaSt,Wolfpack,ACC,ncsu183,University of Nebraska-Lincoln,Nebraska,Nebraska,Cornhuskers,Big Ten,neb184,University of Nebraska at Omaha,Nebraska-Omaha,NebraskaOmaha,Mavericks,The Summit,neoma185,"University of Nevada, Reno",Nevada,Nevada,Wolf Pack,Mountain West,nevada186,University of New Hampshire,UNH,NewHampshire,Wildcats,America East,unh187,University of New Mexico,New Mexico,NewMexico,Lobos,Mountain West,nm188,New Mexico State University,New Mexico State,NewMexicoSt,Aggies,WAC,nmst189,University of New Orleans,New Orleans,NewOrleans,Privateers,Southland,uno190,Niagara University,Niagara,Niagara,Purple Eagles,MAAC,nia191,Nicholls State University,,NichollsSt,Colonels,Southland,nich192,New Jersey Institute of Technology,NJIT,NJIT,Highlanders,Independent,njit193,Norfolk State University,Norfolk State,NorfolkSt,Spartans,MEAC,nor194,University of North Carolina at Chapel Hill,North Carolina,NorthCarolina,Tar Heels,ACC,unc195,North Carolina Agricultural and Technical State University,NC A & T,NCAT,Aggies,MEAC,nca&t196,North Carolina Central University,NC Central,NorthCarolinaCentral,Eagles,MEAC,nccent197,North Dakota State University,North Dakota State,NorthDakotaSt,Bison,The Summit,ndakst198,University of North Texas,North Texas,NorthTexas,Mean Green,Conference USA,nortx199,Northeastern University,Northeastern,Northeastern,Huskies,CAA,ne200,Northern Arizona University,Northern Arizona,NorthernArizona,Lumberjacks,Big Sky,noari201,Northern Illinois University,Northern Illinois,NorthernIllinois,Huskies,MAC,niu202,Northern Kentucky University,Northern Kentucky,NorthernKentuckyNorse,Norse,Atlantic Sun,nortky203,Northwestern State University,Northwstern State,NorthwesternSt,Demons,Southland,nwst204,Northwestern University,Northwestern,Northwestern,Wildcats,Big Ten,nw205,University of Notre Dame,Notre Dame,NotreDame,Fighting Irish,ACC,nd206,Oakland University,Oakland,Oakland,Golden Grizzlies,Horizon League,oak207,Ohio State University,Ohio State,OhioSt,Buckeyes,Big Ten,ohiost208,Ohio University,Ohio,Ohio,Bobcats,MAC,ohio209,University of Oklahoma,Oklahoma,Oklahoma,Sooners,Big 12,okla210,Oklahoma State University,Oklahoma State,OklahomaSt,Cowboys,Big 12,okst211,Old Dominion University,Old Dominion,OldDominion,Monarchs,Conference USA,odu212,Oral Roberts University,Oral Roberts,OralRoberts,Golden Eagles,The Summit,orrob213,University of Oregon,Oregon,Oregon,Ducks,Pac-12,oregon214,Oregon State University,Oregon State,OregonSt,Beavers,Pac-12,orest215,University of the Pacific,Pacific,Pacific,Tigers,West Coast,pac216,University of Pennsylvania,Penn,Pennsylvania,Quakers,Ivy League,penn217,Pennsylvania State University,Penn State,PennSt,Nittany Lions,Big Ten,psu218,Pepperdine University,Pepperdine,Pepperdine,Waves,West Coast,pepper219,University of Pittsburgh,Pitt,Pittsburgh,Panthers,ACC,pitt220,University of Portland,Portland,Portland,Pilots,West Coast,por221,Portland State University,Portland State,PortlandSt,Vikings,Big Sky,porst222,Prairie View A&M University,Prairie View A & M,PrairieViewAM,Panthers,SWAC,pva&m223,Presbyterian College,Presbyterian,Presbyterian,Blue Hose,Big South,presby224,Princeton University,Princeton,Princeton,Tigers,Ivy League,prince225,Providence College,Providence,Providence,Friars,Big East,prov226,Purdue University,Purdue,Purdue,Boilermakers,Big Ten,purdue227,Quinnipiac University,Quinnipiac,Quinnipiac,Bobcats,MAAC,quinni228,Radford University,Radford,Radford,Highlanders,Big South,rad229,University of Rhode Island,URI,RhodeIsland,Rams,A-10,uri230,Rice University,Rice,Rice,Owls,Conference USA,rice231,University of Richmond,Richmond,Richmond,Spiders,A-10,rich232,Rider University,Rider,Rider,Broncs,MAAC,rider233,Robert Morris University,Robert Morris,RobertMorris,Colonials,Northeast,rmor234,Rutgers University,Rutgers,Rutgers,Scarlet Knights,Big Ten,rut235,Sacred Heart University,Sacred Heart,SacredHeart,Pioneers,Northeast,sheart236,St. John's University,St. John's,StJohns,Red Storm,Big East,stjn237,Saint Joseph's University,St. Joseph's,StJosephs,Hawks,A-10,stjoes238,Saint Louis University,St. Louis,SaintLouis,Billikens,A-10,stl239,Saint Mary's College of California,St. Mary's,StMarys,Gaels,West Coast,stmry240,Saint Peter's University,St. Peter's,StPeters,Peacocks,MAAC,stpete241,Sam Houston State University,Sam Houston State,SamHoustonSt,Bearkats,Southland,samhou242,Samford University,Samford,Samford,Bulldogs,Southern,sam243,University of San Diego,San Diego,SanDiego,Toreros,West Coast,sd244,San Diego State University,San Diego State,SanDiegoSt,Aztecs,Mountain West,sdsu245,University of San Francisco,San Francisco,SanFrancisco,Dons,West Coast,sanfr246,San Jose State University,San Jose State,SanJoseSt,Spartans,Mountain West,sjsu247,Santa Clara University,Santa Clara,SantaClara,Broncos,West Coast,santac248,Savannah State University,,SavannahSt,Tigers,MEAC,savan249,Seattle University,Seattle,Seattle,Redhawks,WAC,seattl250,Seton Hall University,Seton Hall,SetonHall,Pirates,Big East,setonh251,Siena College,Siena,Siena,Saints,MAAC,siena252,Southern Illinois University Edwardsville,SIU Edwardsville,SIUEdwardsville,Cougars,Ohio Valley,siue253,Southern Methodist University,SMU,SouthernMethodist,Mustangs,The American,smu254,University of South Alabama,South Alabama,SouthAlabama,Jaguars,Sun Belt,usa255,University of South Carolina,South Carolina,SouthCarolina,Gamecocks,SEC,sc256,South Carolina State University,SC State,SouthCarolinaSt,Bulldogs,MEAC,scst257,University of South Carolina Upstate,SC Upstate,SouthCarolinaUpstate,Spartans,Atlantic Sun,sc-ups258,South Dakota State University,South Dakota State,SouthDakotaSt,Jackrabbits,The Summit,soudak259,University of South Florida,USF,SouthFlorida,Bulls,The American,sofla260,Southeast Missouri State University,SE Missouri State,SEMissouriSt,Redhawks,Ohio Valley,semo261,Southeastern Louisiana University,Southeastern Louisiana,SELouisiana,Lions,Southland,sela262,Southern Illinois University Carbondale,Southern Illinois,SouthernIllinois,Salukis,Missouri Valley,siu263,University of Southern Mississippi,Southern Miss,SouthernMiss,Golden Eagles,Conference USA,soumis264,Southern University,Southern,Southern,Jaguars,SWAC,sou265,Southern Utah University,Southern Utah,SouthernUtah,Thunderbirds,Big Sky,sout266,St. Bonaventure University,St. Bonaventure,StBonaventure,Bonnies,A-10,stbon267,St. Francis College,St. Francis NY,StFrancisNY,Terriers,Northeast,stf-ny268,St. Francis University,St. Francis PA,StFrancisPA,Red Flash,Northeast,stf-pa269,Stanford University,Stanford,Stanford,Cardinal,Pac-12,stan270,Stephen F. Austin State University,Stephen F. Austin,StephenFAustin,Lumberjacks,Southland,sfa271,Stetson University,Stetson,Stetson,Hatters,Atlantic Sun,stet272,Stony Brook University,Stony Brook,StonyBrook,Seawolves,America East,stnybr273,Syracuse University,Syracuse,Syracuse,Orange,ACC,syr274,Texas Christian University,TCU,TCU,Horned Frogs,Big 12,tcu275,Temple University,Temple,Temple,Owls,The American,temple276,University of Tennessee,Tennessee,Tennessee,Volunteers,SEC,tenn277,University of Tennessee at Martin,Tennessee-Martin,TennesseeMartin,Skyhawks,Ohio Valley,tn-mar278,Tennessee State University,Tennessee State,TennesseeSt,Tigers,Ohio Valley,tennst279,Tennessee Technological University,Tennessee Tech,TensesseeTech,Golden Eagles,Ohio Valley,tntech280,University of Texas at Austin,Texas,Texas,Longhorns,Big 12,tex281,Texas A&M University-Corpus Christi,,TAMUCorpusChristi,Islanders,Southland,ta&mcc282,Texas A&M University,Texas A & M,TexasAM,Aggies,SEC,texa&m283,University of Texas,UTPA,TexasPanAmerican,Broncs,WAC,tex-pa284,Texas Southern University,Texas Southern,TexasSouthern,Tigers,SWAC,txso285,Texas State University,Texas State,TexasSt,Bobcats,Sun Belt,txst286,Texas Tech University,,TexasTech,Red Raiders,Big 12,txtch287,University of Toledo,Toledo,Toledo,Rockets,MAC,toledo288,Towson University,Towson,Towson,Tigers,CAA,towson289,Troy University,Troy,Troy,Trojans,Sun Belt,troy290,Tulane University,Tulane,Tulane,Green Wave,The American,tulane291,University of Alabama at Birmingham,UAB,UAB,Blazers,Conference USA,uab292,"University of California, Davis",UC Davis,UCDavis,Aggies,Big West,ucdav293,"University of California, Irvine",UC Irvine,UCIrvine,Anteaters,Big West,uc-irv294,"University of California, Riverside",UC Riverside,CaliforniaRiverside,Highlanders,Big West,calrv295,"University of California, Santa Barbara",UC Santa Barbara,UCSB,Gauchos,Big West,uc-sb296,"University of California, Los Angeles",UCLA,UCLA,Bruins,Pac-12,ucla297,University of Illinois at Chicago,UIC,IllinoisChicago,Flames,Horizon League,uic298,University of Massachusetts Lowell,UMass Lowell,UMassLowell,River Hawks,America East,ma-low299,"University of Maryland, Baltimore County",UMBC,UMBC,Retrievers,America East,umbc300,University of Missouri,UMKC,UMKC,Kangaroos,WAC,umkc301,University of North Carolina at Asheville,UNC Asheville,NCAsheville,Bulldogs,Big South,nc-ash302,University of North Carolina at Greensboro,UNC Greensboro,NCGreensboro,Spartans,Southern,nc-gre303,University of North Carolina at Wilmington,UNC Wilmington,NCWilmington,Seahawks,CAA,nc-wil304,University of Houston,Houston,Houston,Cougars,The American,hou305,University of Maryland Eastern Shore,UMES,MDEasternShore,Hawks,MEAC,md-es306,University of Memphis,Memphis,Memphis,Tigers,The American,mem307,University of Montana,Montana,Montanna,Grizzlies,Big Sky,mont308,University of North Carolina at Charlotte,Charlotte,Charlotte,49ers,Conference USA,char309,University of North Dakota,North Dakota,NorthDakota,North Dakota,Big Sky,nordak310,University of North Florida,North Florida,NorthFlorida,Ospreys,Atlantic Sun,nofla311,University of Northern Colorado,Northern Colorado,NorthernColorado,Bears,Big Sky,nocol312,University of Northern Iowa,Northern Iowa,NorthernIowa,Panthers,Missouri Valley,noia313,University of South Dakota,South Dakota,SouthDakota,Coyotes,The Summit,sdakst314,University of Texas at Arlington,Texas,TXArlington,Mavericks,Sun Belt,tx-ar315,University of the Incarnate Word,Incarnate Word,IncarnateWord,Cardinals,Southland,incwor316,University of Tulsa,Tulsa,Tulsa,Golden Hurricane,The American,tulsa317,University of Wisconsin-Madison,Wisconsin,Wisconsin,Badgers,Big Ten,wisc318,University of Wyoming,Wyoming,Wyoming,Cowboys,Mountain West,wyo319,"University of Nevada, Las Vegas",UNLV,UNLV,Runnin' Rebels,Mountain West,unlv320,University of Southern California,USC,USC,Trojans,Pac-12,usc321,University of Utah,Utah,Utah,Utes,Pac-12,utah322,Utah State University,Utah State,UtahSt,Aggies,Mountain West,utahst323,Utah Valley University,Utah Valley,UtahValleyU,Wolverines,WAC,uvu324,University of Texas at El Paso,UTEP,UTEP,Miners,Conference USA,utep325,University of Texas at San Antonio,UTSA,UTSA,Roadrunners,Conference USA,utsa326,University of Vermont,UVM,Vermont,Catamounts,America East,ver327,Valparaiso University,Valparaiso,Valparaiso,Crusaders,Horizon League,valpo328,Vanderbilt University,Vanderbilt,Vanderbilt,Commodores,SEC,vandy329,Virginia Commonwealth University,VCU,VirginiaCommonwealth,Rams,A-10,vcu330,Villanova University,Villanova,Villanova,Wildcats,Big East,vill331,University of Virginia,Virginia,Virginia,Cavaliers,ACC,uva332,Virginia Polytechnic Institute and State University,Virginia Tech,VirginiaTech,Hokies,ACC,vatech333,Virginia Military Institute,VMI,VirginiaMillitary,Keydets,Southern,vmi334,Wagner College,Wagner,Wagner,Seahawks,Northeast,wagner335,Wake Forest University,Wake Forest,WakeForest,Demon Deacons,ACC,wake336,University of Washington,Washington,Washington,Huskies,Pac-12,wash337,Washington State University,Washington State,WashingtonSt,Cougars,Pac-12,washst338,Weber State University,Weber State,WeberSt,Wildcats,Big Sky,web339,West Virginia University,West Virginia,WestVirginia,Mountaineers,Big 12,wvu340,Western Carolina University,Western Carolina,WesternCarolina,Catamounts,Southern,wof341,Western Illinois University,Western Illinois,WesternIllinois,Leathernecks,The Summit,westil342,Western Kentucky University,Western Kentucky,WKU,Hilltoppers,Conference USA,westky343,Western Michigan University,Western Michigan,WMichigan,Broncos,MAC,westmi344,Wichita State University,Wichita State,WichitaState,Shockers,Missouri Valley,wich345,College of William and Mary,William & Mary,WilliamMary,Tribe,CAA,w&m346,Winthrop University,Winthrop,Winthrop,Eagles,Big South,win347,Wofford College,Wofford,Wofford,Terriers,Southern,wcu348,Wright State University,Wright State,WrightSt,Raiders,Horizon League,wright349,Xavier University,Xavier,Xavier,Musketeers,Big East,xavier350,Yale University,Yale,Yale,Bulldogs,Ivy League,yale351,Youngstown State University,Youngstown State,YoungstownSt,Penguins,Horizon League,ysu